Joule_calculated,path,device,app_type,app
195.075,./dataset//high.end.native/data/high-end/android-runner-experiments-apps-com-alibaba-aliexpresshd-xapk/batterystats/Joule_results_75f0f52d_2020.10.15_123430.csv,high,native,aliexpress
187.272,./dataset//high.end.native/data/high-end/android-runner-experiments-apps-com-alibaba-aliexpresshd-xapk/batterystats/Joule_results_75f0f52d_2020.10.15_125849.csv,high,native,aliexpress
151.3782,./dataset//high.end.native/data/high-end/android-runner-experiments-apps-com-alibaba-aliexpresshd-xapk/batterystats/Joule_results_75f0f52d_2020.10.15_141436.csv,high,native,aliexpress
144.66762,./dataset//high.end.native/data/high-end/android-runner-experiments-apps-com-alibaba-aliexpresshd-xapk/batterystats/Joule_results_75f0f52d_2020.10.15_144553.csv,high,native,aliexpress
173.22660000000002,./dataset//high.end.native/data/high-end/android-runner-experiments-apps-com-alibaba-aliexpresshd-xapk/batterystats/Joule_results_75f0f52d_2020.10.15_145623.csv,high,native,aliexpress
181.0296,./dataset//high.end.native/data/high-end/android-runner-experiments-apps-com-alibaba-aliexpresshd-xapk/batterystats/Joule_results_75f0f52d_2020.10.15_152734.csv,high,native,aliexpress
126.09648000000001,./dataset//high.end.native/data/high-end/android-runner-experiments-apps-com-alibaba-aliexpresshd-xapk/batterystats/Joule_results_75f0f52d_2020.10.15_153112.csv,high,native,aliexpress
188.8326,./dataset//high.end.native/data/high-end/android-runner-experiments-apps-com-alibaba-aliexpresshd-xapk/batterystats/Joule_results_75f0f52d_2020.10.15_163340.csv,high,native,aliexpress
148.56912,./dataset//high.end.native/data/high-end/android-runner-experiments-apps-com-alibaba-aliexpresshd-xapk/batterystats/Joule_results_75f0f52d_2020.10.15_171508.csv,high,native,aliexpress
184.15079999999998,./dataset//high.end.native/data/high-end/android-runner-experiments-apps-com-alibaba-aliexpresshd-xapk/batterystats/Joule_results_75f0f52d_2020.10.15_171846.csv,high,native,aliexpress
177.9084,./dataset//high.end.native/data/high-end/android-runner-experiments-apps-com-alibaba-aliexpresshd-xapk/batterystats/Joule_results_75f0f52d_2020.10.15_172548.csv,high,native,aliexpress
181.0296,./dataset//high.end.native/data/high-end/android-runner-experiments-apps-com-alibaba-aliexpresshd-xapk/batterystats/Joule_results_75f0f52d_2020.10.15_172929.csv,high,native,aliexpress
195.075,./dataset//high.end.native/data/high-end/android-runner-experiments-apps-com-alibaba-aliexpresshd-xapk/batterystats/Joule_results_75f0f52d_2020.10.15_174700.csv,high,native,aliexpress
106.9011,./dataset//high.end.native/data/high-end/android-runner-experiments-apps-com-alibaba-aliexpresshd-xapk/batterystats/Joule_results_75f0f52d_2020.10.15_180052.csv,high,native,aliexpress
170.1054,./dataset//high.end.native/data/high-end/android-runner-experiments-apps-com-alibaba-aliexpresshd-xapk/batterystats/Joule_results_75f0f52d_2020.10.15_181118.csv,high,native,aliexpress
125.78436,./dataset//high.end.native/data/high-end/android-runner-experiments-apps-com-deliveroo-orderapp-xapk/batterystats/Joule_results_75f0f52d_2020.10.15_123051.csv,high,native,deliveroo
115.64046,./dataset//high.end.native/data/high-end/android-runner-experiments-apps-com-deliveroo-orderapp-xapk/batterystats/Joule_results_75f0f52d_2020.10.15_131608.csv,high,native,deliveroo
129.5298,./dataset//high.end.native/data/high-end/android-runner-experiments-apps-com-deliveroo-orderapp-xapk/batterystats/Joule_results_75f0f52d_2020.10.15_133314.csv,high,native,deliveroo
120.47831999999998,./dataset//high.end.native/data/high-end/android-runner-experiments-apps-com-deliveroo-orderapp-xapk/batterystats/Joule_results_75f0f52d_2020.10.15_135708.csv,high,native,deliveroo
110.64654,./dataset//high.end.native/data/high-end/android-runner-experiments-apps-com-deliveroo-orderapp-xapk/batterystats/Joule_results_75f0f52d_2020.10.15_142127.csv,high,native,deliveroo
113.61167999999999,./dataset//high.end.native/data/high-end/android-runner-experiments-apps-com-deliveroo-orderapp-xapk/batterystats/Joule_results_75f0f52d_2020.10.15_144216.csv,high,native,deliveroo
111.27078,./dataset//high.end.native/data/high-end/android-runner-experiments-apps-com-deliveroo-orderapp-xapk/batterystats/Joule_results_75f0f52d_2020.10.15_144920.csv,high,native,deliveroo
110.49047999999999,./dataset//high.end.native/data/high-end/android-runner-experiments-apps-com-deliveroo-orderapp-xapk/batterystats/Joule_results_75f0f52d_2020.10.15_154134.csv,high,native,deliveroo
122.35104,./dataset//high.end.native/data/high-end/android-runner-experiments-apps-com-deliveroo-orderapp-xapk/batterystats/Joule_results_75f0f52d_2020.10.15_154830.csv,high,native,deliveroo
120.9465,./dataset//high.end.native/data/high-end/android-runner-experiments-apps-com-deliveroo-orderapp-xapk/batterystats/Joule_results_75f0f52d_2020.10.15_155156.csv,high,native,deliveroo
127.34495999999999,./dataset//high.end.native/data/high-end/android-runner-experiments-apps-com-deliveroo-orderapp-xapk/batterystats/Joule_results_75f0f52d_2020.10.15_163004.csv,high,native,deliveroo
133.4313,./dataset//high.end.native/data/high-end/android-runner-experiments-apps-com-deliveroo-orderapp-xapk/batterystats/Joule_results_75f0f52d_2020.10.15_164401.csv,high,native,deliveroo
102.53142000000001,./dataset//high.end.native/data/high-end/android-runner-experiments-apps-com-deliveroo-orderapp-xapk/batterystats/Joule_results_75f0f52d_2020.10.15_165052.csv,high,native,deliveroo
116.57682,./dataset//high.end.native/data/high-end/android-runner-experiments-apps-com-deliveroo-orderapp-xapk/batterystats/Joule_results_75f0f52d_2020.10.15_172211.csv,high,native,deliveroo
125.94042000000002,./dataset//high.end.native/data/high-end/android-runner-experiments-apps-com-deliveroo-orderapp-xapk/batterystats/Joule_results_75f0f52d_2020.10.15_175350.csv,high,native,deliveroo
162.3024,./dataset//high.end.native/data/high-end/android-runner-experiments-apps-com-google-android-youtube-xapk/batterystats/Joule_results_75f0f52d_2020.10.15_124124.csv,high,native,youtube
157.62060000000002,./dataset//high.end.native/data/high-end/android-runner-experiments-apps-com-google-android-youtube-xapk/batterystats/Joule_results_75f0f52d_2020.10.15_130910.csv,high,native,youtube
155.2797,./dataset//high.end.native/data/high-end/android-runner-experiments-apps-com-google-android-youtube-xapk/batterystats/Joule_results_75f0f52d_2020.10.15_133644.csv,high,native,youtube
154.4994,./dataset//high.end.native/data/high-end/android-runner-experiments-apps-com-google-android-youtube-xapk/batterystats/Joule_results_75f0f52d_2020.10.15_141057.csv,high,native,youtube
162.3024,./dataset//high.end.native/data/high-end/android-runner-experiments-apps-com-google-android-youtube-xapk/batterystats/Joule_results_75f0f52d_2020.10.15_142456.csv,high,native,youtube
149.0373,./dataset//high.end.native/data/high-end/android-runner-experiments-apps-com-google-android-youtube-xapk/batterystats/Joule_results_75f0f52d_2020.10.15_143149.csv,high,native,youtube
163.863,./dataset//high.end.native/data/high-end/android-runner-experiments-apps-com-google-android-youtube-xapk/batterystats/Joule_results_75f0f52d_2020.10.15_145952.csv,high,native,youtube
141.85854,./dataset//high.end.native/data/high-end/android-runner-experiments-apps-com-google-android-youtube-xapk/batterystats/Joule_results_75f0f52d_2020.10.15_151341.csv,high,native,youtube
154.34333999999998,./dataset//high.end.native/data/high-end/android-runner-experiments-apps-com-google-android-youtube-xapk/batterystats/Joule_results_75f0f52d_2020.10.15_154504.csv,high,native,youtube
141.07823999999997,./dataset//high.end.native/data/high-end/android-runner-experiments-apps-com-google-android-youtube-xapk/batterystats/Joule_results_75f0f52d_2020.10.15_161618.csv,high,native,youtube
149.0373,./dataset//high.end.native/data/high-end/android-runner-experiments-apps-com-google-android-youtube-xapk/batterystats/Joule_results_75f0f52d_2020.10.15_170110.csv,high,native,youtube
157.62060000000002,./dataset//high.end.native/data/high-end/android-runner-experiments-apps-com-google-android-youtube-xapk/batterystats/Joule_results_75f0f52d_2020.10.15_170439.csv,high,native,youtube
145.76004,./dataset//high.end.native/data/high-end/android-runner-experiments-apps-com-google-android-youtube-xapk/batterystats/Joule_results_75f0f52d_2020.10.15_173258.csv,high,native,youtube
144.3555,./dataset//high.end.native/data/high-end/android-runner-experiments-apps-com-google-android-youtube-xapk/batterystats/Joule_results_75f0f52d_2020.10.15_173628.csv,high,native,youtube
151.3782,./dataset//high.end.native/data/high-end/android-runner-experiments-apps-com-google-android-youtube-xapk/batterystats/Joule_results_75f0f52d_2020.10.15_181449.csv,high,native,youtube
104.24808,./dataset//high.end.native/data/high-end/android-runner-experiments-apps-com-inditex-zara-apk/batterystats/Joule_results_75f0f52d_2020.10.15_123755.csv,high,native,zara
120.63438000000002,./dataset//high.end.native/data/high-end/android-runner-experiments-apps-com-inditex-zara-apk/batterystats/Joule_results_75f0f52d_2020.10.15_131932.csv,high,native,zara
104.87232,./dataset//high.end.native/data/high-end/android-runner-experiments-apps-com-inditex-zara-apk/batterystats/Joule_results_75f0f52d_2020.10.15_132257.csv,high,native,zara
115.79652,./dataset//high.end.native/data/high-end/android-runner-experiments-apps-com-inditex-zara-apk/batterystats/Joule_results_75f0f52d_2020.10.15_134332.csv,high,native,zara
108.30564000000001,./dataset//high.end.native/data/high-end/android-runner-experiments-apps-com-inditex-zara-apk/batterystats/Joule_results_75f0f52d_2020.10.15_135343.csv,high,native,zara
113.14349999999999,./dataset//high.end.native/data/high-end/android-runner-experiments-apps-com-inditex-zara-apk/batterystats/Joule_results_75f0f52d_2020.10.15_142820.csv,high,native,zara
111.27078,./dataset//high.end.native/data/high-end/android-runner-experiments-apps-com-inditex-zara-apk/batterystats/Joule_results_75f0f52d_2020.10.15_150316.csv,high,native,zara
108.30564000000001,./dataset//high.end.native/data/high-end/android-runner-experiments-apps-com-inditex-zara-apk/batterystats/Joule_results_75f0f52d_2020.10.15_150640.csv,high,native,zara
114.39198,./dataset//high.end.native/data/high-end/android-runner-experiments-apps-com-inditex-zara-apk/batterystats/Joule_results_75f0f52d_2020.10.15_153808.csv,high,native,zara
121.10256,./dataset//high.end.native/data/high-end/android-runner-experiments-apps-com-inditex-zara-apk/batterystats/Joule_results_75f0f52d_2020.10.15_155852.csv,high,native,zara
116.88894,./dataset//high.end.native/data/high-end/android-runner-experiments-apps-com-inditex-zara-apk/batterystats/Joule_results_75f0f52d_2020.10.15_161943.csv,high,native,zara
102.37535999999999,./dataset//high.end.native/data/high-end/android-runner-experiments-apps-com-inditex-zara-apk/batterystats/Joule_results_75f0f52d_2020.10.15_162638.csv,high,native,zara
103.62383999999999,./dataset//high.end.native/data/high-end/android-runner-experiments-apps-com-inditex-zara-apk/batterystats/Joule_results_75f0f52d_2020.10.15_175715.csv,high,native,zara
115.01622000000002,./dataset//high.end.native/data/high-end/android-runner-experiments-apps-com-inditex-zara-apk/batterystats/Joule_results_75f0f52d_2020.10.15_180740.csv,high,native,zara
112.51926,./dataset//high.end.native/data/high-end/android-runner-experiments-apps-com-inditex-zara-apk/batterystats/Joule_results_75f0f52d_2020.10.15_181814.csv,high,native,zara
106.74503999999999,./dataset//high.end.native/data/high-end/android-runner-experiments-apps-com-ninegag-android-app-apk/batterystats/Joule_results_75f0f52d_2020.10.15_125512.csv,high,native,9gag
107.21322,./dataset//high.end.native/data/high-end/android-runner-experiments-apps-com-ninegag-android-app-apk/batterystats/Joule_results_75f0f52d_2020.10.15_130214.csv,high,native,9gag
102.53142000000001,./dataset//high.end.native/data/high-end/android-runner-experiments-apps-com-ninegag-android-app-apk/batterystats/Joule_results_75f0f52d_2020.10.15_134007.csv,high,native,9gag
116.57682,./dataset//high.end.native/data/high-end/android-runner-experiments-apps-com-ninegag-android-app-apk/batterystats/Joule_results_75f0f52d_2020.10.15_134655.csv,high,native,9gag
108.4617,./dataset//high.end.native/data/high-end/android-runner-experiments-apps-com-ninegag-android-app-apk/batterystats/Joule_results_75f0f52d_2020.10.15_135018.csv,high,native,9gag
96.44508,./dataset//high.end.native/data/high-end/android-runner-experiments-apps-com-ninegag-android-app-apk/batterystats/Joule_results_75f0f52d_2020.10.15_140728.csv,high,native,9gag
133.11918,./dataset//high.end.native/data/high-end/android-runner-experiments-apps-com-ninegag-android-app-apk/batterystats/Joule_results_75f0f52d_2020.10.15_141800.csv,high,native,9gag
136.39644,./dataset//high.end.native/data/high-end/android-runner-experiments-apps-com-ninegag-android-app-apk/batterystats/Joule_results_75f0f52d_2020.10.15_151704.csv,high,native,9gag
135.46007999999998,./dataset//high.end.native/data/high-end/android-runner-experiments-apps-com-ninegag-android-app-apk/batterystats/Joule_results_75f0f52d_2020.10.15_152353.csv,high,native,9gag
115.17228,./dataset//high.end.native/data/high-end/android-runner-experiments-apps-com-ninegag-android-app-apk/batterystats/Joule_results_75f0f52d_2020.10.15_160911.csv,high,native,9gag
124.37981999999998,./dataset//high.end.native/data/high-end/android-runner-experiments-apps-com-ninegag-android-app-apk/batterystats/Joule_results_75f0f52d_2020.10.15_163704.csv,high,native,9gag
108.61776,./dataset//high.end.native/data/high-end/android-runner-experiments-apps-com-ninegag-android-app-apk/batterystats/Joule_results_75f0f52d_2020.10.15_165740.csv,high,native,9gag
123.44345999999999,./dataset//high.end.native/data/high-end/android-runner-experiments-apps-com-ninegag-android-app-apk/batterystats/Joule_results_75f0f52d_2020.10.15_173951.csv,high,native,9gag
190.3932,./dataset//high.end.native/data/high-end/android-runner-experiments-apps-com-ninegag-android-app-apk/batterystats/Joule_results_75f0f52d_2020.10.15_175024.csv,high,native,9gag
115.48440000000001,./dataset//high.end.native/data/high-end/android-runner-experiments-apps-com-ninegag-android-app-apk/batterystats/Joule_results_75f0f52d_2020.10.15_180416.csv,high,native,9gag
171.666,./dataset//high.end.native/data/high-end/android-runner-experiments-apps-com-reddit-frontpage-xapk/batterystats/Joule_results_75f0f52d_2020.10.15_124457.csv,high,native,reddit
149.19335999999998,./dataset//high.end.native/data/high-end/android-runner-experiments-apps-com-reddit-frontpage-xapk/batterystats/Joule_results_75f0f52d_2020.10.15_131242.csv,high,native,reddit
159.1812,./dataset//high.end.native/data/high-end/android-runner-experiments-apps-com-reddit-frontpage-xapk/batterystats/Joule_results_75f0f52d_2020.10.15_140039.csv,high,native,reddit
157.62060000000002,./dataset//high.end.native/data/high-end/android-runner-experiments-apps-com-reddit-frontpage-xapk/batterystats/Joule_results_75f0f52d_2020.10.15_143525.csv,high,native,reddit
151.84638,./dataset//high.end.native/data/high-end/android-runner-experiments-apps-com-reddit-frontpage-xapk/batterystats/Joule_results_75f0f52d_2020.10.15_151010.csv,high,native,reddit
136.86461999999997,./dataset//high.end.native/data/high-end/android-runner-experiments-apps-com-reddit-frontpage-xapk/batterystats/Joule_results_75f0f52d_2020.10.15_153444.csv,high,native,reddit
154.96758,./dataset//high.end.native/data/high-end/android-runner-experiments-apps-com-reddit-frontpage-xapk/batterystats/Joule_results_75f0f52d_2020.10.15_155528.csv,high,native,reddit
143.41914,./dataset//high.end.native/data/high-end/android-runner-experiments-apps-com-reddit-frontpage-xapk/batterystats/Joule_results_75f0f52d_2020.10.15_160548.csv,high,native,reddit
132.33888000000002,./dataset//high.end.native/data/high-end/android-runner-experiments-apps-com-reddit-frontpage-xapk/batterystats/Joule_results_75f0f52d_2020.10.15_161242.csv,high,native,reddit
126.72071999999997,./dataset//high.end.native/data/high-end/android-runner-experiments-apps-com-reddit-frontpage-xapk/batterystats/Joule_results_75f0f52d_2020.10.15_162315.csv,high,native,reddit
137.95704,./dataset//high.end.native/data/high-end/android-runner-experiments-apps-com-reddit-frontpage-xapk/batterystats/Joule_results_75f0f52d_2020.10.15_164035.csv,high,native,reddit
145.76004,./dataset//high.end.native/data/high-end/android-runner-experiments-apps-com-reddit-frontpage-xapk/batterystats/Joule_results_75f0f52d_2020.10.15_174322.csv,high,native,reddit
110.33442000000001,./dataset//high.end.native/data/high-end/android-runner-experiments-apps-com-reddit-frontpage-xapk/batterystats/Joule_results_75f0f52d_2020.10.15_182512.csv,high,native,reddit
139.04945999999998,./dataset//high.end.native/data/high-end/android-runner-experiments-apps-com-reddit-frontpage-xapk/batterystats/Joule_results_75f0f52d_2020.10.15_182843.csv,high,native,reddit
135.61614,./dataset//high.end.native/data/high-end/android-runner-experiments-apps-com-reddit-frontpage-xapk/batterystats/Joule_results_75f0f52d_2020.10.15_183214.csv,high,native,reddit
106.915608,./dataset//high.end.native/data/high-end/android-runner-experiments-apps-com-tripadvisor-tripadvisor-xapk/batterystats/Joule_results_75f0f52d_2020.10.20_112959.csv,high,native,tripadvisor
98.434656,./dataset//high.end.native/data/high-end/android-runner-experiments-apps-com-tripadvisor-tripadvisor-xapk/batterystats/Joule_results_75f0f52d_2020.10.20_113327.csv,high,native,tripadvisor
101.632392,./dataset//high.end.native/data/high-end/android-runner-experiments-apps-com-tripadvisor-tripadvisor-xapk/batterystats/Joule_results_75f0f52d_2020.10.20_113654.csv,high,native,tripadvisor
101.354328,./dataset//high.end.native/data/high-end/android-runner-experiments-apps-com-tripadvisor-tripadvisor-xapk/batterystats/Joule_results_75f0f52d_2020.10.20_114022.csv,high,native,tripadvisor
99.129816,./dataset//high.end.native/data/high-end/android-runner-experiments-apps-com-tripadvisor-tripadvisor-xapk/batterystats/Joule_results_75f0f52d_2020.10.20_114350.csv,high,native,tripadvisor
93.429504,./dataset//high.end.native/data/high-end/android-runner-experiments-apps-com-tripadvisor-tripadvisor-xapk/batterystats/Joule_results_75f0f52d_2020.10.20_114718.csv,high,native,tripadvisor
98.85175199999999,./dataset//high.end.native/data/high-end/android-runner-experiments-apps-com-tripadvisor-tripadvisor-xapk/batterystats/Joule_results_75f0f52d_2020.10.20_115045.csv,high,native,tripadvisor
99.82497599999999,./dataset//high.end.native/data/high-end/android-runner-experiments-apps-com-tripadvisor-tripadvisor-xapk/batterystats/Joule_results_75f0f52d_2020.10.20_115412.csv,high,native,tripadvisor
90.509832,./dataset//high.end.native/data/high-end/android-runner-experiments-apps-com-tripadvisor-tripadvisor-xapk/batterystats/Joule_results_75f0f52d_2020.10.20_115740.csv,high,native,tripadvisor
101.076264,./dataset//high.end.native/data/high-end/android-runner-experiments-apps-com-tripadvisor-tripadvisor-xapk/batterystats/Joule_results_75f0f52d_2020.10.20_120107.csv,high,native,tripadvisor
101.910456,./dataset//high.end.native/data/high-end/android-runner-experiments-apps-com-tripadvisor-tripadvisor-xapk/batterystats/Joule_results_75f0f52d_2020.10.20_120435.csv,high,native,tripadvisor
99.82497599999999,./dataset//high.end.native/data/high-end/android-runner-experiments-apps-com-tripadvisor-tripadvisor-xapk/batterystats/Joule_results_75f0f52d_2020.10.20_120802.csv,high,native,tripadvisor
101.215296,./dataset//high.end.native/data/high-end/android-runner-experiments-apps-com-tripadvisor-tripadvisor-xapk/batterystats/Joule_results_75f0f52d_2020.10.20_121131.csv,high,native,tripadvisor
100.381104,./dataset//high.end.native/data/high-end/android-runner-experiments-apps-com-tripadvisor-tripadvisor-xapk/batterystats/Joule_results_75f0f52d_2020.10.20_121459.csv,high,native,tripadvisor
99.129816,./dataset//high.end.native/data/high-end/android-runner-experiments-apps-com-tripadvisor-tripadvisor-xapk/batterystats/Joule_results_75f0f52d_2020.10.20_121826.csv,high,native,tripadvisor
135.46007999999998,./dataset//high.end.native/data/high-end/android-runner-experiments-apps-com-weather-weather-apk/batterystats/Joule_results_75f0f52d_2020.10.15_124823.csv,high,native,weather
126.09648000000001,./dataset//high.end.native/data/high-end/android-runner-experiments-apps-com-weather-weather-apk/batterystats/Joule_results_75f0f52d_2020.10.15_125148.csv,high,native,weather
130.77828,./dataset//high.end.native/data/high-end/android-runner-experiments-apps-com-weather-weather-apk/batterystats/Joule_results_75f0f52d_2020.10.15_130539.csv,high,native,weather
102.2193,./dataset//high.end.native/data/high-end/android-runner-experiments-apps-com-weather-weather-apk/batterystats/Joule_results_75f0f52d_2020.10.15_132622.csv,high,native,weather
127.1889,./dataset//high.end.native/data/high-end/android-runner-experiments-apps-com-weather-weather-apk/batterystats/Joule_results_75f0f52d_2020.10.15_132948.csv,high,native,weather
137.3328,./dataset//high.end.native/data/high-end/android-runner-experiments-apps-com-weather-weather-apk/batterystats/Joule_results_75f0f52d_2020.10.15_140404.csv,high,native,weather
125.47223999999997,./dataset//high.end.native/data/high-end/android-runner-experiments-apps-com-weather-weather-apk/batterystats/Joule_results_75f0f52d_2020.10.15_143851.csv,high,native,weather
128.90556,./dataset//high.end.native/data/high-end/android-runner-experiments-apps-com-weather-weather-apk/batterystats/Joule_results_75f0f52d_2020.10.15_145245.csv,high,native,weather
136.86461999999997,./dataset//high.end.native/data/high-end/android-runner-experiments-apps-com-weather-weather-apk/batterystats/Joule_results_75f0f52d_2020.10.15_152029.csv,high,native,weather
137.95704,./dataset//high.end.native/data/high-end/android-runner-experiments-apps-com-weather-weather-apk/batterystats/Joule_results_75f0f52d_2020.10.15_160217.csv,high,native,weather
159.1812,./dataset//high.end.native/data/high-end/android-runner-experiments-apps-com-weather-weather-apk/batterystats/Joule_results_75f0f52d_2020.10.15_164726.csv,high,native,weather
137.64492,./dataset//high.end.native/data/high-end/android-runner-experiments-apps-com-weather-weather-apk/batterystats/Joule_results_75f0f52d_2020.10.15_165417.csv,high,native,weather
140.454,./dataset//high.end.native/data/high-end/android-runner-experiments-apps-com-weather-weather-apk/batterystats/Joule_results_75f0f52d_2020.10.15_170804.csv,high,native,weather
127.03284000000001,./dataset//high.end.native/data/high-end/android-runner-experiments-apps-com-weather-weather-apk/batterystats/Joule_results_75f0f52d_2020.10.15_171130.csv,high,native,weather
140.14188000000001,./dataset//high.end.native/data/high-end/android-runner-experiments-apps-com-weather-weather-apk/batterystats/Joule_results_75f0f52d_2020.10.15_182140.csv,high,native,weather
224.95680000000002,./dataset//high.end.web/data/high-end/https-www-9gag-com/chrome/batterystats/Joule_results_75f0f52d_2020.10.14_150527.csv,high,web,9gag
226.4976,./dataset//high.end.web/data/high-end/https-www-9gag-com/chrome/batterystats/Joule_results_75f0f52d_2020.10.14_152301.csv,high,web,9gag
197.2224,./dataset//high.end.web/data/high-end/https-www-9gag-com/chrome/batterystats/Joule_results_75f0f52d_2020.10.14_160656.csv,high,web,9gag
231.11999999999998,./dataset//high.end.web/data/high-end/https-www-9gag-com/chrome/batterystats/Joule_results_75f0f52d_2020.10.14_165515.csv,high,web,9gag
214.1712,./dataset//high.end.web/data/high-end/https-www-9gag-com/chrome/batterystats/Joule_results_75f0f52d_2020.10.14_170402.csv,high,web,9gag
217.2528,./dataset//high.end.web/data/high-end/https-www-9gag-com/chrome/batterystats/Joule_results_75f0f52d_2020.10.14_171714.csv,high,web,9gag
278.8848,./dataset//high.end.web/data/high-end/https-www-9gag-com/chrome/batterystats/Joule_results_75f0f52d_2020.10.14_172138.csv,high,web,9gag
206.4672,./dataset//high.end.web/data/high-end/https-www-9gag-com/chrome/batterystats/Joule_results_75f0f52d_2020.10.14_193313.csv,high,web,9gag
215.71200000000002,./dataset//high.end.web/data/high-end/https-www-9gag-com/chrome/batterystats/Joule_results_75f0f52d_2020.10.14_194201.csv,high,web,9gag
208.00799999999998,./dataset//high.end.web/data/high-end/https-www-9gag-com/chrome/batterystats/Joule_results_75f0f52d_2020.10.14_201247.csv,high,web,9gag
217.2528,./dataset//high.end.web/data/high-end/https-www-9gag-com/chrome/batterystats/Joule_results_75f0f52d_2020.10.14_203445.csv,high,web,9gag
218.7936,./dataset//high.end.web/data/high-end/https-www-9gag-com/chrome/batterystats/Joule_results_75f0f52d_2020.10.14_205220.csv,high,web,9gag
265.0176,./dataset//high.end.web/data/high-end/https-www-9gag-com/chrome/batterystats/Joule_results_75f0f52d_2020.10.14_215354.csv,high,web,9gag
248.06879999999998,./dataset//high.end.web/data/high-end/https-www-9gag-com/chrome/batterystats/Joule_results_75f0f52d_2020.10.14_221554.csv,high,web,9gag
243.4464,./dataset//high.end.web/data/high-end/https-www-9gag-com/chrome/batterystats/Joule_results_75f0f52d_2020.10.14_222018.csv,high,web,9gag
161.784,./dataset//high.end.web/data/high-end/https-www-aliexpress-com/chrome/batterystats/Joule_results_75f0f52d_2020.10.14_162008.csv,high,web,aliexpress
161.784,./dataset//high.end.web/data/high-end/https-www-aliexpress-com/chrome/batterystats/Joule_results_75f0f52d_2020.10.14_163318.csv,high,web,aliexpress
154.07999999999998,./dataset//high.end.web/data/high-end/https-www-aliexpress-com/chrome/batterystats/Joule_results_75f0f52d_2020.10.14_164629.csv,high,web,aliexpress
160.2432,./dataset//high.end.web/data/high-end/https-www-aliexpress-com/chrome/batterystats/Joule_results_75f0f52d_2020.10.14_165052.csv,high,web,aliexpress
163.32479999999998,./dataset//high.end.web/data/high-end/https-www-aliexpress-com/chrome/batterystats/Joule_results_75f0f52d_2020.10.14_171250.csv,high,web,aliexpress
154.07999999999998,./dataset//high.end.web/data/high-end/https-www-aliexpress-com/chrome/batterystats/Joule_results_75f0f52d_2020.10.14_175221.csv,high,web,aliexpress
151.7688,./dataset//high.end.web/data/high-end/https-www-aliexpress-com/chrome/batterystats/Joule_results_75f0f52d_2020.10.14_183613.csv,high,web,aliexpress
161.784,./dataset//high.end.web/data/high-end/https-www-aliexpress-com/chrome/batterystats/Joule_results_75f0f52d_2020.10.14_192005.csv,high,web,aliexpress
163.32479999999998,./dataset//high.end.web/data/high-end/https-www-aliexpress-com/chrome/batterystats/Joule_results_75f0f52d_2020.10.14_195512.csv,high,web,aliexpress
166.4064,./dataset//high.end.web/data/high-end/https-www-aliexpress-com/chrome/batterystats/Joule_results_75f0f52d_2020.10.14_200823.csv,high,web,aliexpress
152.07695999999999,./dataset//high.end.web/data/high-end/https-www-aliexpress-com/chrome/batterystats/Joule_results_75f0f52d_2020.10.14_201710.csv,high,web,aliexpress
155.6208,./dataset//high.end.web/data/high-end/https-www-aliexpress-com/chrome/batterystats/Joule_results_75f0f52d_2020.10.14_204332.csv,high,web,aliexpress
157.1616,./dataset//high.end.web/data/high-end/https-www-aliexpress-com/chrome/batterystats/Joule_results_75f0f52d_2020.10.14_211843.csv,high,web,aliexpress
161.784,./dataset//high.end.web/data/high-end/https-www-aliexpress-com/chrome/batterystats/Joule_results_75f0f52d_2020.10.14_214042.csv,high,web,aliexpress
158.70239999999998,./dataset//high.end.web/data/high-end/https-www-aliexpress-com/chrome/batterystats/Joule_results_75f0f52d_2020.10.14_221130.csv,high,web,aliexpress
177.192,./dataset//high.end.web/data/high-end/https-www-deliveroo-co-uk/chrome/batterystats/Joule_results_75f0f52d_2020.10.14_145216.csv,high,web,deliveroo
181.8144,./dataset//high.end.web/data/high-end/https-www-deliveroo-co-uk/chrome/batterystats/Joule_results_75f0f52d_2020.10.14_151415.csv,high,web,deliveroo
184.89600000000002,./dataset//high.end.web/data/high-end/https-www-deliveroo-co-uk/chrome/batterystats/Joule_results_75f0f52d_2020.10.14_155345.csv,high,web,deliveroo
183.3552,./dataset//high.end.web/data/high-end/https-www-deliveroo-co-uk/chrome/batterystats/Joule_results_75f0f52d_2020.10.14_161544.csv,high,web,deliveroo
177.192,./dataset//high.end.web/data/high-end/https-www-deliveroo-co-uk/chrome/batterystats/Joule_results_75f0f52d_2020.10.14_163741.csv,high,web,deliveroo
177.192,./dataset//high.end.web/data/high-end/https-www-deliveroo-co-uk/chrome/batterystats/Joule_results_75f0f52d_2020.10.14_174758.csv,high,web,deliveroo
171.02880000000002,./dataset//high.end.web/data/high-end/https-www-deliveroo-co-uk/chrome/batterystats/Joule_results_75f0f52d_2020.10.14_182727.csv,high,web,deliveroo
172.5696,./dataset//high.end.web/data/high-end/https-www-deliveroo-co-uk/chrome/batterystats/Joule_results_75f0f52d_2020.10.14_184036.csv,high,web,deliveroo
166.4064,./dataset//high.end.web/data/high-end/https-www-deliveroo-co-uk/chrome/batterystats/Joule_results_75f0f52d_2020.10.14_184459.csv,high,web,deliveroo
174.1104,./dataset//high.end.web/data/high-end/https-www-deliveroo-co-uk/chrome/batterystats/Joule_results_75f0f52d_2020.10.14_184921.csv,high,web,deliveroo
183.3552,./dataset//high.end.web/data/high-end/https-www-deliveroo-co-uk/chrome/batterystats/Joule_results_75f0f52d_2020.10.14_192851.csv,high,web,deliveroo
177.192,./dataset//high.end.web/data/high-end/https-www-deliveroo-co-uk/chrome/batterystats/Joule_results_75f0f52d_2020.10.14_193737.csv,high,web,deliveroo
172.5696,./dataset//high.end.web/data/high-end/https-www-deliveroo-co-uk/chrome/batterystats/Joule_results_75f0f52d_2020.10.14_205644.csv,high,web,deliveroo
177.192,./dataset//high.end.web/data/high-end/https-www-deliveroo-co-uk/chrome/batterystats/Joule_results_75f0f52d_2020.10.14_210956.csv,high,web,deliveroo
184.89600000000002,./dataset//high.end.web/data/high-end/https-www-deliveroo-co-uk/chrome/batterystats/Joule_results_75f0f52d_2020.10.14_212307.csv,high,web,deliveroo
130.96800000000002,./dataset//high.end.web/data/high-end/https-www-reddit-com/chrome/batterystats/Joule_results_75f0f52d_2020.10.14_161120.csv,high,web,reddit
144.21887999999998,./dataset//high.end.web/data/high-end/https-www-reddit-com/chrome/batterystats/Joule_results_75f0f52d_2020.10.14_165939.csv,high,web,reddit
143.91072,./dataset//high.end.web/data/high-end/https-www-reddit-com/chrome/batterystats/Joule_results_75f0f52d_2020.10.14_175644.csv,high,web,reddit
133.89551999999998,./dataset//high.end.web/data/high-end/https-www-reddit-com/chrome/batterystats/Joule_results_75f0f52d_2020.10.14_185345.csv,high,web,reddit
144.0648,./dataset//high.end.web/data/high-end/https-www-reddit-com/chrome/batterystats/Joule_results_75f0f52d_2020.10.14_185808.csv,high,web,reddit
138.98015999999998,./dataset//high.end.web/data/high-end/https-www-reddit-com/chrome/batterystats/Joule_results_75f0f52d_2020.10.14_190232.csv,high,web,reddit
144.98928,./dataset//high.end.web/data/high-end/https-www-reddit-com/chrome/batterystats/Joule_results_75f0f52d_2020.10.14_191118.csv,high,web,reddit
145.75968000000003,./dataset//high.end.web/data/high-end/https-www-reddit-com/chrome/batterystats/Joule_results_75f0f52d_2020.10.14_192428.csv,high,web,reddit
134.66592,./dataset//high.end.web/data/high-end/https-www-reddit-com/chrome/batterystats/Joule_results_75f0f52d_2020.10.14_195048.csv,high,web,reddit
161.784,./dataset//high.end.web/data/high-end/https-www-reddit-com/chrome/batterystats/Joule_results_75f0f52d_2020.10.14_195936.csv,high,web,reddit
161.784,./dataset//high.end.web/data/high-end/https-www-reddit-com/chrome/batterystats/Joule_results_75f0f52d_2020.10.14_202558.csv,high,web,reddit
158.70239999999998,./dataset//high.end.web/data/high-end/https-www-reddit-com/chrome/batterystats/Joule_results_75f0f52d_2020.10.14_203022.csv,high,web,reddit
133.43328,./dataset//high.end.web/data/high-end/https-www-reddit-com/chrome/batterystats/Joule_results_75f0f52d_2020.10.14_211419.csv,high,web,reddit
154.07999999999998,./dataset//high.end.web/data/high-end/https-www-reddit-com/chrome/batterystats/Joule_results_75f0f52d_2020.10.14_213155.csv,high,web,reddit
153.3096,./dataset//high.end.web/data/high-end/https-www-reddit-com/chrome/batterystats/Joule_results_75f0f52d_2020.10.14_220707.csv,high,web,reddit
151.2486,./dataset//high.end.web/data/high-end/https-www-tripadvisor-com/chrome/batterystats/Joule_results_75f0f52d_2020.10.20_123534.csv,high,web,tripadvisor
143.073,./dataset//high.end.web/data/high-end/https-www-tripadvisor-com/chrome/batterystats/Joule_results_75f0f52d_2020.10.20_123956.csv,high,web,tripadvisor
144.4356,./dataset//high.end.web/data/high-end/https-www-tripadvisor-com/chrome/batterystats/Joule_results_75f0f52d_2020.10.20_124418.csv,high,web,tripadvisor
137.6226,./dataset//high.end.web/data/high-end/https-www-tripadvisor-com/chrome/batterystats/Joule_results_75f0f52d_2020.10.20_124840.csv,high,web,tripadvisor
145.7982,./dataset//high.end.web/data/high-end/https-www-tripadvisor-com/chrome/batterystats/Joule_results_75f0f52d_2020.10.20_125302.csv,high,web,tripadvisor
149.886,./dataset//high.end.web/data/high-end/https-www-tripadvisor-com/chrome/batterystats/Joule_results_75f0f52d_2020.10.20_125724.csv,high,web,tripadvisor
144.4356,./dataset//high.end.web/data/high-end/https-www-tripadvisor-com/chrome/batterystats/Joule_results_75f0f52d_2020.10.20_130146.csv,high,web,tripadvisor
145.7982,./dataset//high.end.web/data/high-end/https-www-tripadvisor-com/chrome/batterystats/Joule_results_75f0f52d_2020.10.20_130608.csv,high,web,tripadvisor
140.3478,./dataset//high.end.web/data/high-end/https-www-tripadvisor-com/chrome/batterystats/Joule_results_75f0f52d_2020.10.20_131029.csv,high,web,tripadvisor
152.6112,./dataset//high.end.web/data/high-end/https-www-tripadvisor-com/chrome/batterystats/Joule_results_75f0f52d_2020.10.20_131451.csv,high,web,tripadvisor
145.7982,./dataset//high.end.web/data/high-end/https-www-tripadvisor-com/chrome/batterystats/Joule_results_75f0f52d_2020.10.20_131913.csv,high,web,tripadvisor
144.4356,./dataset//high.end.web/data/high-end/https-www-tripadvisor-com/chrome/batterystats/Joule_results_75f0f52d_2020.10.20_132335.csv,high,web,tripadvisor
159.42419999999998,./dataset//high.end.web/data/high-end/https-www-tripadvisor-com/chrome/batterystats/Joule_results_75f0f52d_2020.10.20_132757.csv,high,web,tripadvisor
152.6112,./dataset//high.end.web/data/high-end/https-www-tripadvisor-com/chrome/batterystats/Joule_results_75f0f52d_2020.10.20_133219.csv,high,web,tripadvisor
122.49774,./dataset//high.end.web/data/high-end/https-www-tripadvisor-com/chrome/batterystats/Joule_results_75f0f52d_2020.10.20_133641.csv,high,web,tripadvisor
204.9264,./dataset//high.end.web/data/high-end/https-www-weather-com/chrome/batterystats/Joule_results_75f0f52d_2020.10.14_153148.csv,high,web,weather
221.8752,./dataset//high.end.web/data/high-end/https-www-weather-com/chrome/batterystats/Joule_results_75f0f52d_2020.10.14_164205.csv,high,web,weather
231.11999999999998,./dataset//high.end.web/data/high-end/https-www-weather-com/chrome/batterystats/Joule_results_75f0f52d_2020.10.14_173448.csv,high,web,weather
184.89600000000002,./dataset//high.end.web/data/high-end/https-www-weather-com/chrome/batterystats/Joule_results_75f0f52d_2020.10.14_180107.csv,high,web,weather
151.61472,./dataset//high.end.web/data/high-end/https-www-weather-com/chrome/batterystats/Joule_results_75f0f52d_2020.10.14_180531.csv,high,web,weather
203.38559999999998,./dataset//high.end.web/data/high-end/https-www-weather-com/chrome/batterystats/Joule_results_75f0f52d_2020.10.14_181842.csv,high,web,weather
174.1104,./dataset//high.end.web/data/high-end/https-www-weather-com/chrome/batterystats/Joule_results_75f0f52d_2020.10.14_183150.csv,high,web,weather
209.5488,./dataset//high.end.web/data/high-end/https-www-weather-com/chrome/batterystats/Joule_results_75f0f52d_2020.10.14_191541.csv,high,web,weather
204.9264,./dataset//high.end.web/data/high-end/https-www-weather-com/chrome/batterystats/Joule_results_75f0f52d_2020.10.14_194624.csv,high,web,weather
212.63039999999998,./dataset//high.end.web/data/high-end/https-www-weather-com/chrome/batterystats/Joule_results_75f0f52d_2020.10.14_200400.csv,high,web,weather
201.8448,./dataset//high.end.web/data/high-end/https-www-weather-com/chrome/batterystats/Joule_results_75f0f52d_2020.10.14_202134.csv,high,web,weather
151.61472,./dataset//high.end.web/data/high-end/https-www-weather-com/chrome/batterystats/Joule_results_75f0f52d_2020.10.14_210108.csv,high,web,weather
201.8448,./dataset//high.end.web/data/high-end/https-www-weather-com/chrome/batterystats/Joule_results_75f0f52d_2020.10.14_212731.csv,high,web,weather
206.4672,./dataset//high.end.web/data/high-end/https-www-weather-com/chrome/batterystats/Joule_results_75f0f52d_2020.10.14_214506.csv,high,web,weather
203.38559999999998,./dataset//high.end.web/data/high-end/https-www-weather-com/chrome/batterystats/Joule_results_75f0f52d_2020.10.14_215819.csv,high,web,weather
175.65120000000002,./dataset//high.end.web/data/high-end/https-www-youtube-com/chrome/batterystats/Joule_results_75f0f52d_2020.10.14_144329.csv,high,web,youtube
151.92288,./dataset//high.end.web/data/high-end/https-www-youtube-com/chrome/batterystats/Joule_results_75f0f52d_2020.10.14_144752.csv,high,web,youtube
163.32479999999998,./dataset//high.end.web/data/high-end/https-www-youtube-com/chrome/batterystats/Joule_results_75f0f52d_2020.10.14_150103.csv,high,web,youtube
150.38208,./dataset//high.end.web/data/high-end/https-www-youtube-com/chrome/batterystats/Joule_results_75f0f52d_2020.10.14_152724.csv,high,web,youtube
160.2432,./dataset//high.end.web/data/high-end/https-www-youtube-com/chrome/batterystats/Joule_results_75f0f52d_2020.10.14_155809.csv,high,web,youtube
163.32479999999998,./dataset//high.end.web/data/high-end/https-www-youtube-com/chrome/batterystats/Joule_results_75f0f52d_2020.10.14_162431.csv,high,web,youtube
154.07999999999998,./dataset//high.end.web/data/high-end/https-www-youtube-com/chrome/batterystats/Joule_results_75f0f52d_2020.10.14_162854.csv,high,web,youtube
160.2432,./dataset//high.end.web/data/high-end/https-www-youtube-com/chrome/batterystats/Joule_results_75f0f52d_2020.10.14_170826.csv,high,web,youtube
160.2432,./dataset//high.end.web/data/high-end/https-www-youtube-com/chrome/batterystats/Joule_results_75f0f52d_2020.10.14_172602.csv,high,web,youtube
158.70239999999998,./dataset//high.end.web/data/high-end/https-www-youtube-com/chrome/batterystats/Joule_results_75f0f52d_2020.10.14_173911.csv,high,web,youtube
164.8656,./dataset//high.end.web/data/high-end/https-www-youtube-com/chrome/batterystats/Joule_results_75f0f52d_2020.10.14_174335.csv,high,web,youtube
149.61168,./dataset//high.end.web/data/high-end/https-www-youtube-com/chrome/batterystats/Joule_results_75f0f52d_2020.10.14_181418.csv,high,web,youtube
154.07999999999998,./dataset//high.end.web/data/high-end/https-www-youtube-com/chrome/batterystats/Joule_results_75f0f52d_2020.10.14_182305.csv,high,web,youtube
163.32479999999998,./dataset//high.end.web/data/high-end/https-www-youtube-com/chrome/batterystats/Joule_results_75f0f52d_2020.10.14_190654.csv,high,web,youtube
163.32479999999998,./dataset//high.end.web/data/high-end/https-www-youtube-com/chrome/batterystats/Joule_results_75f0f52d_2020.10.14_214930.csv,high,web,youtube
180.27360000000002,./dataset//high.end.web/data/high-end/https-www-zara-com-us/chrome/batterystats/Joule_results_75f0f52d_2020.10.14_145639.csv,high,web,zara
153.3096,./dataset//high.end.web/data/high-end/https-www-zara-com-us/chrome/batterystats/Joule_results_75f0f52d_2020.10.14_150951.csv,high,web,zara
187.9776,./dataset//high.end.web/data/high-end/https-www-zara-com-us/chrome/batterystats/Joule_results_75f0f52d_2020.10.14_151838.csv,high,web,zara
189.5184,./dataset//high.end.web/data/high-end/https-www-zara-com-us/chrome/batterystats/Joule_results_75f0f52d_2020.10.14_153611.csv,high,web,zara
181.8144,./dataset//high.end.web/data/high-end/https-www-zara-com-us/chrome/batterystats/Joule_results_75f0f52d_2020.10.14_154035.csv,high,web,zara
177.192,./dataset//high.end.web/data/high-end/https-www-zara-com-us/chrome/batterystats/Joule_results_75f0f52d_2020.10.14_154458.csv,high,web,zara
206.4672,./dataset//high.end.web/data/high-end/https-www-zara-com-us/chrome/batterystats/Joule_results_75f0f52d_2020.10.14_154922.csv,high,web,zara
186.4368,./dataset//high.end.web/data/high-end/https-www-zara-com-us/chrome/batterystats/Joule_results_75f0f52d_2020.10.14_160233.csv,high,web,zara
189.5184,./dataset//high.end.web/data/high-end/https-www-zara-com-us/chrome/batterystats/Joule_results_75f0f52d_2020.10.14_173024.csv,high,web,zara
184.89600000000002,./dataset//high.end.web/data/high-end/https-www-zara-com-us/chrome/batterystats/Joule_results_75f0f52d_2020.10.14_180955.csv,high,web,zara
201.8448,./dataset//high.end.web/data/high-end/https-www-zara-com-us/chrome/batterystats/Joule_results_75f0f52d_2020.10.14_203909.csv,high,web,zara
201.8448,./dataset//high.end.web/data/high-end/https-www-zara-com-us/chrome/batterystats/Joule_results_75f0f52d_2020.10.14_204756.csv,high,web,zara
174.1104,./dataset//high.end.web/data/high-end/https-www-zara-com-us/chrome/batterystats/Joule_results_75f0f52d_2020.10.14_210532.csv,high,web,zara
175.65120000000002,./dataset//high.end.web/data/high-end/https-www-zara-com-us/chrome/batterystats/Joule_results_75f0f52d_2020.10.14_213619.csv,high,web,zara
175.65120000000002,./dataset//high.end.web/data/high-end/https-www-zara-com-us/chrome/batterystats/Joule_results_75f0f52d_2020.10.14_220243.csv,high,web,zara
435.0528,./dataset//low.end.native/data/low-end/android-runner-experiments-apps-com-alibaba-aliexpresshd-xapk/batterystats/Joule_results_5200c212c0073559_2020.10.16_162535.csv,low,native,aliexpress
371.34864,./dataset//low.end.native/data/low-end/android-runner-experiments-apps-com-alibaba-aliexpresshd-xapk/batterystats/Joule_results_5200c212c0073559_2020.10.16_162952.csv,low,native,aliexpress
399.31632,./dataset//low.end.native/data/low-end/android-runner-experiments-apps-com-alibaba-aliexpresshd-xapk/batterystats/Joule_results_5200c212c0073559_2020.10.16_163759.csv,low,native,aliexpress
405.53136,./dataset//low.end.native/data/low-end/android-runner-experiments-apps-com-alibaba-aliexpresshd-xapk/batterystats/Joule_results_5200c212c0073559_2020.10.16_175218.csv,low,native,aliexpress
391.54751999999996,./dataset//low.end.native/data/low-end/android-runner-experiments-apps-com-alibaba-aliexpresshd-xapk/batterystats/Joule_results_5200c212c0073559_2020.10.16_180038.csv,low,native,aliexpress
453.69792,./dataset//low.end.native/data/low-end/android-runner-experiments-apps-com-alibaba-aliexpresshd-xapk/batterystats/Joule_results_5200c212c0073559_2020.10.16_180855.csv,low,native,aliexpress
391.54751999999996,./dataset//low.end.native/data/low-end/android-runner-experiments-apps-com-alibaba-aliexpresshd-xapk/batterystats/Joule_results_5200c212c0073559_2020.10.16_181310.csv,low,native,aliexpress
413.30016,./dataset//low.end.native/data/low-end/android-runner-experiments-apps-com-alibaba-aliexpresshd-xapk/batterystats/Joule_results_5200c212c0073559_2020.10.16_195915.csv,low,native,aliexpress
405.53136,./dataset//low.end.native/data/low-end/android-runner-experiments-apps-com-alibaba-aliexpresshd-xapk/batterystats/Joule_results_5200c212c0073559_2020.10.16_205103.csv,low,native,aliexpress
483.21936,./dataset//low.end.native/data/low-end/android-runner-experiments-apps-com-alibaba-aliexpresshd-xapk/batterystats/Joule_results_5200c212c0073559_2020.10.16_214200.csv,low,native,aliexpress
396.2088,./dataset//low.end.native/data/low-end/android-runner-experiments-apps-com-alibaba-aliexpresshd-xapk/batterystats/Joule_results_5200c212c0073559_2020.10.16_215017.csv,low,native,aliexpress
334.0584,./dataset//low.end.native/data/low-end/android-runner-experiments-apps-com-alibaba-aliexpresshd-xapk/batterystats/Joule_results_5200c212c0073559_2020.10.17_115851.csv,low,native,aliexpress
393.10128000000003,./dataset//low.end.native/data/low-end/android-runner-experiments-apps-com-alibaba-aliexpresshd-xapk/batterystats/Joule_results_5200c212c0073559_2020.10.17_125318.csv,low,native,aliexpress
382.22496,./dataset//low.end.native/data/low-end/android-runner-experiments-apps-com-alibaba-aliexpresshd-xapk/batterystats/Joule_results_5200c212c0073559_2020.10.17_125736.csv,low,native,aliexpress
380.6712,./dataset//low.end.native/data/low-end/android-runner-experiments-apps-com-alibaba-aliexpresshd-xapk/batterystats/Joule_results_5200c212c0073559_2020.10.17_130150.csv,low,native,aliexpress
153.82224,./dataset//low.end.native/data/low-end/android-runner-experiments-apps-com-deliveroo-orderapp-xapk/batterystats/Joule_results_5200c212c0073559_2020.10.16_160929.csv,low,native,deliveroo
136.575504,./dataset//low.end.native/data/low-end/android-runner-experiments-apps-com-deliveroo-orderapp-xapk/batterystats/Joule_results_5200c212c0073559_2020.10.16_164945.csv,low,native,deliveroo
150.403968,./dataset//low.end.native/data/low-end/android-runner-experiments-apps-com-deliveroo-orderapp-xapk/batterystats/Joule_results_5200c212c0073559_2020.10.16_165730.csv,low,native,deliveroo
140.61528,./dataset//low.end.native/data/low-end/android-runner-experiments-apps-com-deliveroo-orderapp-xapk/batterystats/Joule_results_5200c212c0073559_2020.10.16_170905.csv,low,native,deliveroo
146.83031999999997,./dataset//low.end.native/data/low-end/android-runner-experiments-apps-com-deliveroo-orderapp-xapk/batterystats/Joule_results_5200c212c0073559_2020.10.16_174413.csv,low,native,deliveroo
138.12926400000003,./dataset//low.end.native/data/low-end/android-runner-experiments-apps-com-deliveroo-orderapp-xapk/batterystats/Joule_results_5200c212c0073559_2020.10.16_174805.csv,low,native,deliveroo
167.80608,./dataset//low.end.native/data/low-end/android-runner-experiments-apps-com-deliveroo-orderapp-xapk/batterystats/Joule_results_5200c212c0073559_2020.10.16_191206.csv,low,native,deliveroo
141.39216,./dataset//low.end.native/data/low-end/android-runner-experiments-apps-com-deliveroo-orderapp-xapk/batterystats/Joule_results_5200c212c0073559_2020.10.16_194710.csv,low,native,deliveroo
155.37599999999998,./dataset//low.end.native/data/low-end/android-runner-experiments-apps-com-deliveroo-orderapp-xapk/batterystats/Joule_results_5200c212c0073559_2020.10.16_200310.csv,low,native,deliveroo
144.81043200000002,./dataset//low.end.native/data/low-end/android-runner-experiments-apps-com-deliveroo-orderapp-xapk/batterystats/Joule_results_5200c212c0073559_2020.10.16_210627.csv,low,native,deliveroo
139.372272,./dataset//low.end.native/data/low-end/android-runner-experiments-apps-com-deliveroo-orderapp-xapk/batterystats/Joule_results_5200c212c0073559_2020.10.16_211821.csv,low,native,deliveroo
132.0696,./dataset//low.end.native/data/low-end/android-runner-experiments-apps-com-deliveroo-orderapp-xapk/batterystats/Joule_results_5200c212c0073559_2020.10.16_213007.csv,low,native,deliveroo
146.519568,./dataset//low.end.native/data/low-end/android-runner-experiments-apps-com-deliveroo-orderapp-xapk/batterystats/Joule_results_5200c212c0073559_2020.10.16_213359.csv,low,native,deliveroo
172.46736,./dataset//low.end.native/data/low-end/android-runner-experiments-apps-com-deliveroo-orderapp-xapk/batterystats/Joule_results_5200c212c0073559_2020.10.17_115436.csv,low,native,deliveroo
158.48352,./dataset//low.end.native/data/low-end/android-runner-experiments-apps-com-deliveroo-orderapp-xapk/batterystats/Joule_results_5200c212c0073559_2020.10.17_124055.csv,low,native,deliveroo
279.67679999999996,./dataset//low.end.native/data/low-end/android-runner-experiments-apps-com-google-android-youtube-xapk/batterystats/Joule_results_5200c212c0073559_2020.10.16_161329.csv,low,native,youtube
296.76816,./dataset//low.end.native/data/low-end/android-runner-experiments-apps-com-google-android-youtube-xapk/batterystats/Joule_results_5200c212c0073559_2020.10.16_164550.csv,low,native,youtube
259.47792,./dataset//low.end.native/data/low-end/android-runner-experiments-apps-com-google-android-youtube-xapk/batterystats/Joule_results_5200c212c0073559_2020.10.16_172435.csv,low,native,youtube
243.94031999999999,./dataset//low.end.native/data/low-end/android-runner-experiments-apps-com-google-android-youtube-xapk/batterystats/Joule_results_5200c212c0073559_2020.10.16_172839.csv,low,native,youtube
262.58543999999995,./dataset//low.end.native/data/low-end/android-runner-experiments-apps-com-google-android-youtube-xapk/batterystats/Joule_results_5200c212c0073559_2020.10.16_174019.csv,low,native,youtube
223.74144,./dataset//low.end.native/data/low-end/android-runner-experiments-apps-com-google-android-youtube-xapk/batterystats/Joule_results_5200c212c0073559_2020.10.16_180439.csv,low,native,youtube
285.89184,./dataset//low.end.native/data/low-end/android-runner-experiments-apps-com-google-android-youtube-xapk/batterystats/Joule_results_5200c212c0073559_2020.10.16_181713.csv,low,native,youtube
275.01552,./dataset//low.end.native/data/low-end/android-runner-experiments-apps-com-google-android-youtube-xapk/batterystats/Joule_results_5200c212c0073559_2020.10.16_182116.csv,low,native,youtube
253.26288000000002,./dataset//low.end.native/data/low-end/android-runner-experiments-apps-com-google-android-youtube-xapk/batterystats/Joule_results_5200c212c0073559_2020.10.16_191606.csv,low,native,youtube
222.18768000000003,./dataset//low.end.native/data/low-end/android-runner-experiments-apps-com-google-android-youtube-xapk/batterystats/Joule_results_5200c212c0073559_2020.10.16_203114.csv,low,native,youtube
228.40272,./dataset//low.end.native/data/low-end/android-runner-experiments-apps-com-google-android-youtube-xapk/batterystats/Joule_results_5200c212c0073559_2020.10.16_211036.csv,low,native,youtube
259.47792,./dataset//low.end.native/data/low-end/android-runner-experiments-apps-com-google-android-youtube-xapk/batterystats/Joule_results_5200c212c0073559_2020.10.16_212221.csv,low,native,youtube
243.94031999999999,./dataset//low.end.native/data/low-end/android-runner-experiments-apps-com-google-android-youtube-xapk/batterystats/Joule_results_5200c212c0073559_2020.10.17_120648.csv,low,native,youtube
239.27904000000004,./dataset//low.end.native/data/low-end/android-runner-experiments-apps-com-google-android-youtube-xapk/batterystats/Joule_results_5200c212c0073559_2020.10.17_124456.csv,low,native,youtube
251.70912,./dataset//low.end.native/data/low-end/android-runner-experiments-apps-com-google-android-youtube-xapk/batterystats/Joule_results_5200c212c0073559_2020.10.17_124859.csv,low,native,youtube
118.70726399999998,./dataset//low.end.native/data/low-end/android-runner-experiments-apps-com-inditex-zara-apk/batterystats/Joule_results_5200c212c0073559_2020.10.16_161721.csv,low,native,zara
120.88252800000001,./dataset//low.end.native/data/low-end/android-runner-experiments-apps-com-inditex-zara-apk/batterystats/Joule_results_5200c212c0073559_2020.10.16_164151.csv,low,native,zara
118.396512,./dataset//low.end.native/data/low-end/android-runner-experiments-apps-com-inditex-zara-apk/batterystats/Joule_results_5200c212c0073559_2020.10.16_171255.csv,low,native,zara
120.727152,./dataset//low.end.native/data/low-end/android-runner-experiments-apps-com-inditex-zara-apk/batterystats/Joule_results_5200c212c0073559_2020.10.16_171644.csv,low,native,zara
120.727152,./dataset//low.end.native/data/low-end/android-runner-experiments-apps-com-inditex-zara-apk/batterystats/Joule_results_5200c212c0073559_2020.10.16_173231.csv,low,native,zara
112.802976,./dataset//low.end.native/data/low-end/android-runner-experiments-apps-com-inditex-zara-apk/batterystats/Joule_results_5200c212c0073559_2020.10.16_173619.csv,low,native,zara
119.950272,./dataset//low.end.native/data/low-end/android-runner-experiments-apps-com-inditex-zara-apk/batterystats/Joule_results_5200c212c0073559_2020.10.16_184054.csv,low,native,zara
118.70726399999998,./dataset//low.end.native/data/low-end/android-runner-experiments-apps-com-inditex-zara-apk/batterystats/Joule_results_5200c212c0073559_2020.10.16_185237.csv,low,native,zara
116.06587200000001,./dataset//low.end.native/data/low-end/android-runner-experiments-apps-com-inditex-zara-apk/batterystats/Joule_results_5200c212c0073559_2020.10.16_193538.csv,low,native,zara
116.376624,./dataset//low.end.native/data/low-end/android-runner-experiments-apps-com-inditex-zara-apk/batterystats/Joule_results_5200c212c0073559_2020.10.16_193927.csv,low,native,zara
123.990048,./dataset//low.end.native/data/low-end/android-runner-experiments-apps-com-inditex-zara-apk/batterystats/Joule_results_5200c212c0073559_2020.10.16_200700.csv,low,native,zara
119.01801599999999,./dataset//low.end.native/data/low-end/android-runner-experiments-apps-com-inditex-zara-apk/batterystats/Joule_results_5200c212c0073559_2020.10.16_203505.csv,low,native,zara
118.70726399999998,./dataset//low.end.native/data/low-end/android-runner-experiments-apps-com-inditex-zara-apk/batterystats/Joule_results_5200c212c0073559_2020.10.16_210235.csv,low,native,zara
116.221248,./dataset//low.end.native/data/low-end/android-runner-experiments-apps-com-inditex-zara-apk/batterystats/Joule_results_5200c212c0073559_2020.10.16_213748.csv,low,native,zara
296.76816,./dataset//low.end.native/data/low-end/android-runner-experiments-apps-com-inditex-zara-apk/batterystats/Joule_results_5200c212c0073559_2020.10.17_115042.csv,low,native,zara
310.75199999999995,./dataset//low.end.native/data/low-end/android-runner-experiments-apps-com-ninegag-android-app-apk/batterystats/Joule_results_5200c212c0073559_2020.10.16_160536.csv,low,native,9gag
537.60096,./dataset//low.end.native/data/low-end/android-runner-experiments-apps-com-ninegag-android-app-apk/batterystats/Joule_results_5200c212c0073559_2020.10.16_165333.csv,low,native,9gag
478.5580800000001,./dataset//low.end.native/data/low-end/android-runner-experiments-apps-com-ninegag-android-app-apk/batterystats/Joule_results_5200c212c0073559_2020.10.16_170509.csv,low,native,9gag
394.65504,./dataset//low.end.native/data/low-end/android-runner-experiments-apps-com-ninegag-android-app-apk/batterystats/Joule_results_5200c212c0073559_2020.10.16_172031.csv,low,native,9gag
523.61712,./dataset//low.end.native/data/low-end/android-runner-experiments-apps-com-ninegag-android-app-apk/batterystats/Joule_results_5200c212c0073559_2020.10.16_183703.csv,low,native,9gag
478.5580800000001,./dataset//low.end.native/data/low-end/android-runner-experiments-apps-com-ninegag-android-app-apk/batterystats/Joule_results_5200c212c0073559_2020.10.16_185624.csv,low,native,9gag
455.25168,./dataset//low.end.native/data/low-end/android-runner-experiments-apps-com-ninegag-android-app-apk/batterystats/Joule_results_5200c212c0073559_2020.10.16_190014.csv,low,native,9gag
428.83776,./dataset//low.end.native/data/low-end/android-runner-experiments-apps-com-ninegag-android-app-apk/batterystats/Joule_results_5200c212c0073559_2020.10.16_190810.csv,low,native,9gag
329.39712000000003,./dataset//low.end.native/data/low-end/android-runner-experiments-apps-com-ninegag-android-app-apk/batterystats/Joule_results_5200c212c0073559_2020.10.16_194314.csv,low,native,9gag
321.62832,./dataset//low.end.native/data/low-end/android-runner-experiments-apps-com-ninegag-android-app-apk/batterystats/Joule_results_5200c212c0073559_2020.10.16_195058.csv,low,native,9gag
316.96704,./dataset//low.end.native/data/low-end/android-runner-experiments-apps-com-ninegag-android-app-apk/batterystats/Joule_results_5200c212c0073559_2020.10.16_201049.csv,low,native,9gag
376.00992,./dataset//low.end.native/data/low-end/android-runner-experiments-apps-com-ninegag-android-app-apk/batterystats/Joule_results_5200c212c0073559_2020.10.16_204646.csv,low,native,9gag
316.96704,./dataset//low.end.native/data/low-end/android-runner-experiments-apps-com-ninegag-android-app-apk/batterystats/Joule_results_5200c212c0073559_2020.10.16_205453.csv,low,native,9gag
407.08511999999996,./dataset//low.end.native/data/low-end/android-runner-experiments-apps-com-ninegag-android-app-apk/batterystats/Joule_results_5200c212c0073559_2020.10.16_211425.csv,low,native,9gag
421.06896,./dataset//low.end.native/data/low-end/android-runner-experiments-apps-com-ninegag-android-app-apk/batterystats/Joule_results_5200c212c0073559_2020.10.17_120242.csv,low,native,9gag
236.17152000000002,./dataset//low.end.native/data/low-end/android-runner-experiments-apps-com-reddit-frontpage-xapk/batterystats/Joule_results_5200c212c0073559_2020.10.17_201857.csv,low,native,reddit
358.91856,./dataset//low.end.native/data/low-end/android-runner-experiments-apps-com-reddit-frontpage-xapk/batterystats/Joule_results_5200c212c0073559_2020.10.17_202306.csv,low,native,reddit
624.61152,./dataset//low.end.native/data/low-end/android-runner-experiments-apps-com-reddit-frontpage-xapk/batterystats/Joule_results_5200c212c0073559_2020.10.17_202710.csv,low,native,reddit
290.55312,./dataset//low.end.native/data/low-end/android-runner-experiments-apps-com-reddit-frontpage-xapk/batterystats/Joule_results_5200c212c0073559_2020.10.17_203115.csv,low,native,reddit
253.26288000000002,./dataset//low.end.native/data/low-end/android-runner-experiments-apps-com-reddit-frontpage-xapk/batterystats/Joule_results_5200c212c0073559_2020.10.17_203526.csv,low,native,reddit
441.26784,./dataset//low.end.native/data/low-end/android-runner-experiments-apps-com-reddit-frontpage-xapk/batterystats/Joule_results_5200c212c0073559_2020.10.17_203928.csv,low,native,reddit
369.79488,./dataset//low.end.native/data/low-end/android-runner-experiments-apps-com-reddit-frontpage-xapk/batterystats/Joule_results_5200c212c0073559_2020.10.17_204330.csv,low,native,reddit
326.2896,./dataset//low.end.native/data/low-end/android-runner-experiments-apps-com-reddit-frontpage-xapk/batterystats/Joule_results_5200c212c0073559_2020.10.17_204733.csv,low,native,reddit
326.2896,./dataset//low.end.native/data/low-end/android-runner-experiments-apps-com-reddit-frontpage-xapk/batterystats/Joule_results_5200c212c0073559_2020.10.17_205136.csv,low,native,reddit
219.08015999999998,./dataset//low.end.native/data/low-end/android-runner-experiments-apps-com-reddit-frontpage-xapk/batterystats/Joule_results_5200c212c0073559_2020.10.17_205538.csv,low,native,reddit
413.30016,./dataset//low.end.native/data/low-end/android-runner-experiments-apps-com-reddit-frontpage-xapk/batterystats/Joule_results_5200c212c0073559_2020.10.17_205940.csv,low,native,reddit
226.84896,./dataset//low.end.native/data/low-end/android-runner-experiments-apps-com-reddit-frontpage-xapk/batterystats/Joule_results_5200c212c0073559_2020.10.17_210342.csv,low,native,reddit
178.6824,./dataset//low.end.native/data/low-end/android-runner-experiments-apps-com-reddit-frontpage-xapk/batterystats/Joule_results_5200c212c0073559_2020.10.17_210746.csv,low,native,reddit
166.25232,./dataset//low.end.native/data/low-end/android-runner-experiments-apps-com-reddit-frontpage-xapk/batterystats/Joule_results_5200c212c0073559_2020.10.17_211147.csv,low,native,reddit
253.26288000000002,./dataset//low.end.native/data/low-end/android-runner-experiments-apps-com-reddit-frontpage-xapk/batterystats/Joule_results_5200c212c0073559_2020.10.17_211549.csv,low,native,reddit
246.50388,./dataset//low.end.native/data/low-end/android-runner-experiments-apps-com-tripadvisor-tripadvisor-xapk/batterystats/Joule_results_5200c212c0073559_2020.10.19_163454.csv,low,native,tripadvisor
258.75252,./dataset//low.end.native/data/low-end/android-runner-experiments-apps-com-tripadvisor-tripadvisor-xapk/batterystats/Joule_results_5200c212c0073559_2020.10.19_163849.csv,low,native,tripadvisor
241.91064000000003,./dataset//low.end.native/data/low-end/android-runner-experiments-apps-com-tripadvisor-tripadvisor-xapk/batterystats/Joule_results_5200c212c0073559_2020.10.19_164245.csv,low,native,tripadvisor
244.97279999999998,./dataset//low.end.native/data/low-end/android-runner-experiments-apps-com-tripadvisor-tripadvisor-xapk/batterystats/Joule_results_5200c212c0073559_2020.10.19_164639.csv,low,native,tripadvisor
249.56604000000002,./dataset//low.end.native/data/low-end/android-runner-experiments-apps-com-tripadvisor-tripadvisor-xapk/batterystats/Joule_results_5200c212c0073559_2020.10.19_165034.csv,low,native,tripadvisor
254.15928000000002,./dataset//low.end.native/data/low-end/android-runner-experiments-apps-com-tripadvisor-tripadvisor-xapk/batterystats/Joule_results_5200c212c0073559_2020.10.19_165430.csv,low,native,tripadvisor
246.50388,./dataset//low.end.native/data/low-end/android-runner-experiments-apps-com-tripadvisor-tripadvisor-xapk/batterystats/Joule_results_5200c212c0073559_2020.10.19_165825.csv,low,native,tripadvisor
248.03495999999996,./dataset//low.end.native/data/low-end/android-runner-experiments-apps-com-tripadvisor-tripadvisor-xapk/batterystats/Joule_results_5200c212c0073559_2020.10.19_170219.csv,low,native,tripadvisor
211.28904000000003,./dataset//low.end.native/data/low-end/android-runner-experiments-apps-com-tripadvisor-tripadvisor-xapk/batterystats/Joule_results_5200c212c0073559_2020.10.19_170614.csv,low,native,tripadvisor
248.03495999999996,./dataset//low.end.native/data/low-end/android-runner-experiments-apps-com-tripadvisor-tripadvisor-xapk/batterystats/Joule_results_5200c212c0073559_2020.10.19_171011.csv,low,native,tripadvisor
246.50388,./dataset//low.end.native/data/low-end/android-runner-experiments-apps-com-tripadvisor-tripadvisor-xapk/batterystats/Joule_results_5200c212c0073559_2020.10.19_171407.csv,low,native,tripadvisor
244.97279999999998,./dataset//low.end.native/data/low-end/android-runner-experiments-apps-com-tripadvisor-tripadvisor-xapk/batterystats/Joule_results_5200c212c0073559_2020.10.19_171802.csv,low,native,tripadvisor
244.97279999999998,./dataset//low.end.native/data/low-end/android-runner-experiments-apps-com-tripadvisor-tripadvisor-xapk/batterystats/Joule_results_5200c212c0073559_2020.10.19_172157.csv,low,native,tripadvisor
255.69035999999997,./dataset//low.end.native/data/low-end/android-runner-experiments-apps-com-tripadvisor-tripadvisor-xapk/batterystats/Joule_results_5200c212c0073559_2020.10.19_172553.csv,low,native,tripadvisor
246.50388,./dataset//low.end.native/data/low-end/android-runner-experiments-apps-com-tripadvisor-tripadvisor-xapk/batterystats/Joule_results_5200c212c0073559_2020.10.19_172949.csv,low,native,tripadvisor
164.69856000000001,./dataset//low.end.native/data/low-end/android-runner-experiments-apps-com-weather-weather-apk/batterystats/Joule_results_5200c212c0073559_2020.10.16_163344.csv,low,native,weather
154.288368,./dataset//low.end.native/data/low-end/android-runner-experiments-apps-com-weather-weather-apk/batterystats/Joule_results_5200c212c0073559_2020.10.16_170121.csv,low,native,weather
161.59104,./dataset//low.end.native/data/low-end/android-runner-experiments-apps-com-weather-weather-apk/batterystats/Joule_results_5200c212c0073559_2020.10.16_182510.csv,low,native,weather
167.80608,./dataset//low.end.native/data/low-end/android-runner-experiments-apps-com-weather-weather-apk/batterystats/Joule_results_5200c212c0073559_2020.10.16_184445.csv,low,native,weather
155.37599999999998,./dataset//low.end.native/data/low-end/android-runner-experiments-apps-com-weather-weather-apk/batterystats/Joule_results_5200c212c0073559_2020.10.16_191959.csv,low,native,weather
163.1448,./dataset//low.end.native/data/low-end/android-runner-experiments-apps-com-weather-weather-apk/batterystats/Joule_results_5200c212c0073559_2020.10.16_192350.csv,low,native,weather
160.03728,./dataset//low.end.native/data/low-end/android-runner-experiments-apps-com-weather-weather-apk/batterystats/Joule_results_5200c212c0073559_2020.10.16_192741.csv,low,native,weather
172.46736,./dataset//low.end.native/data/low-end/android-runner-experiments-apps-com-weather-weather-apk/batterystats/Joule_results_5200c212c0073559_2020.10.16_201442.csv,low,native,weather
184.89744,./dataset//low.end.native/data/low-end/android-runner-experiments-apps-com-weather-weather-apk/batterystats/Joule_results_5200c212c0073559_2020.10.16_202236.csv,low,native,weather
194.22,./dataset//low.end.native/data/low-end/android-runner-experiments-apps-com-weather-weather-apk/batterystats/Joule_results_5200c212c0073559_2020.10.16_202713.csv,low,native,weather
156.92976000000002,./dataset//low.end.native/data/low-end/android-runner-experiments-apps-com-weather-weather-apk/batterystats/Joule_results_5200c212c0073559_2020.10.16_204259.csv,low,native,weather
156.92976000000002,./dataset//low.end.native/data/low-end/android-runner-experiments-apps-com-weather-weather-apk/batterystats/Joule_results_5200c212c0073559_2020.10.16_205846.csv,low,native,weather
156.92976000000002,./dataset//low.end.native/data/low-end/android-runner-experiments-apps-com-weather-weather-apk/batterystats/Joule_results_5200c212c0073559_2020.10.16_212614.csv,low,native,weather
156.92976000000002,./dataset//low.end.native/data/low-end/android-runner-experiments-apps-com-weather-weather-apk/batterystats/Joule_results_5200c212c0073559_2020.10.16_215812.csv,low,native,weather
514.29456,./dataset//low.end.native/data/low-end/android-runner-experiments-apps-com-weather-weather-apk/batterystats/Joule_results_5200c212c0073559_2020.10.17_122438.csv,low,native,weather
730.4363999999999,./dataset//low.end.web/data/low-end/https-www-9gag-com/chrome/batterystats/Joule_results_5200c212c0073559_2020.10.15_223622.csv,low,web,9gag
442.92420000000004,./dataset//low.end.web/data/low-end/https-www-9gag-com/chrome/batterystats/Joule_results_5200c212c0073559_2020.10.15_231222.csv,low,web,9gag
421.16652000000005,./dataset//low.end.web/data/low-end/https-www-9gag-com/chrome/batterystats/Joule_results_5200c212c0073559_2020.10.15_233021.csv,low,web,9gag
487.99368,./dataset//low.end.web/data/low-end/https-www-9gag-com/chrome/batterystats/Joule_results_5200c212c0073559_2020.10.15_235251.csv,low,web,9gag
531.5090400000001,./dataset//low.end.web/data/low-end/https-www-9gag-com/chrome/batterystats/Joule_results_5200c212c0073559_2020.10.16_001050.csv,low,web,9gag
464.72400000000005,./dataset//low.end.web/data/low-end/https-www-9gag-com/chrome/batterystats/Joule_results_5200c212c0073559_2020.10.16_011837.csv,low,web,9gag
605.69028,./dataset//low.end.web/data/low-end/https-www-9gag-com/chrome/batterystats/Joule_results_5200c212c0073559_2020.10.16_013635.csv,low,web,9gag
622.7301600000001,./dataset//low.end.web/data/low-end/https-www-9gag-com/chrome/batterystats/Joule_results_5200c212c0073559_2020.10.16_015433.csv,low,web,9gag
596.3958,./dataset//low.end.web/data/low-end/https-www-9gag-com/chrome/batterystats/Joule_results_5200c212c0073559_2020.10.16_022600.csv,low,web,9gag
645.96636,./dataset//low.end.web/data/low-end/https-www-9gag-com/chrome/batterystats/Joule_results_5200c212c0073559_2020.10.16_023500.csv,low,web,9gag
520.4908800000001,./dataset//low.end.web/data/low-end/https-www-9gag-com/chrome/batterystats/Joule_results_5200c212c0073559_2020.10.16_032424.csv,low,web,9gag
777.63816,./dataset//low.end.web/data/low-end/https-www-9gag-com/chrome/batterystats/Joule_results_5200c212c0073559_2020.10.16_041351.csv,low,web,9gag
737.3620800000001,./dataset//low.end.web/data/low-end/https-www-9gag-com/chrome/batterystats/Joule_results_5200c212c0073559_2020.10.16_052546.csv,low,web,9gag
548.37432,./dataset//low.end.web/data/low-end/https-www-9gag-com/chrome/batterystats/Joule_results_5200c212c0073559_2020.10.16_053446.csv,low,web,9gag
570.0614400000001,./dataset//low.end.web/data/low-end/https-www-9gag-com/chrome/batterystats/Joule_results_5200c212c0073559_2020.10.16_055244.csv,low,web,9gag
239.33448,./dataset//low.end.web/data/low-end/https-www-aliexpress-com/chrome/batterystats/Joule_results_5200c212c0073559_2020.10.15_215551.csv,low,web,aliexpress
247.10508000000002,./dataset//low.end.web/data/low-end/https-www-aliexpress-com/chrome/batterystats/Joule_results_5200c212c0073559_2020.10.15_220452.csv,low,web,aliexpress
243.99684,./dataset//low.end.web/data/low-end/https-www-aliexpress-com/chrome/batterystats/Joule_results_5200c212c0073559_2020.10.15_224052.csv,low,web,aliexpress
237.78036,./dataset//low.end.web/data/low-end/https-www-aliexpress-com/chrome/batterystats/Joule_results_5200c212c0073559_2020.10.16_000620.csv,low,web,aliexpress
230.81292000000005,./dataset//low.end.web/data/low-end/https-www-aliexpress-com/chrome/batterystats/Joule_results_5200c212c0073559_2020.10.16_020333.csv,low,web,aliexpress
241.65648,./dataset//low.end.web/data/low-end/https-www-aliexpress-com/chrome/batterystats/Joule_results_5200c212c0073559_2020.10.16_021701.csv,low,web,aliexpress
238.55831999999998,./dataset//low.end.web/data/low-end/https-www-aliexpress-com/chrome/batterystats/Joule_results_5200c212c0073559_2020.10.16_024359.csv,low,web,aliexpress
238.55831999999998,./dataset//low.end.web/data/low-end/https-www-aliexpress-com/chrome/batterystats/Joule_results_5200c212c0073559_2020.10.16_025728.csv,low,web,aliexpress
238.55831999999998,./dataset//low.end.web/data/low-end/https-www-aliexpress-com/chrome/batterystats/Joule_results_5200c212c0073559_2020.10.16_030157.csv,low,web,aliexpress
241.65648,./dataset//low.end.web/data/low-end/https-www-aliexpress-com/chrome/batterystats/Joule_results_5200c212c0073559_2020.10.16_031954.csv,low,web,aliexpress
240.1074,./dataset//low.end.web/data/low-end/https-www-aliexpress-com/chrome/batterystats/Joule_results_5200c212c0073559_2020.10.16_033753.csv,low,web,aliexpress
244.75464000000002,./dataset//low.end.web/data/low-end/https-www-aliexpress-com/chrome/batterystats/Joule_results_5200c212c0073559_2020.10.16_040021.csv,low,web,aliexpress
233.91108,./dataset//low.end.web/data/low-end/https-www-aliexpress-com/chrome/batterystats/Joule_results_5200c212c0073559_2020.10.16_043619.csv,low,web,aliexpress
237.00924,./dataset//low.end.web/data/low-end/https-www-aliexpress-com/chrome/batterystats/Joule_results_5200c212c0073559_2020.10.16_051217.csv,low,web,aliexpress
235.46015999999997,./dataset//low.end.web/data/low-end/https-www-aliexpress-com/chrome/batterystats/Joule_results_5200c212c0073559_2020.10.16_051647.csv,low,web,aliexpress
279.7416,./dataset//low.end.web/data/low-end/https-www-deliveroo-co-uk/chrome/batterystats/Joule_results_5200c212c0073559_2020.10.15_220022.csv,low,web,deliveroo
278.18747999999994,./dataset//low.end.web/data/low-end/https-www-deliveroo-co-uk/chrome/batterystats/Joule_results_5200c212c0073559_2020.10.15_221352.csv,low,web,deliveroo
281.2957200000001,./dataset//low.end.web/data/low-end/https-www-deliveroo-co-uk/chrome/batterystats/Joule_results_5200c212c0073559_2020.10.15_222722.csv,low,web,deliveroo
281.2957200000001,./dataset//low.end.web/data/low-end/https-www-deliveroo-co-uk/chrome/batterystats/Joule_results_5200c212c0073559_2020.10.15_224952.csv,low,web,deliveroo
284.40396000000004,./dataset//low.end.web/data/low-end/https-www-deliveroo-co-uk/chrome/batterystats/Joule_results_5200c212c0073559_2020.10.15_225422.csv,low,web,deliveroo
275.07923999999997,./dataset//low.end.web/data/low-end/https-www-deliveroo-co-uk/chrome/batterystats/Joule_results_5200c212c0073559_2020.10.15_230322.csv,low,web,deliveroo
279.7416,./dataset//low.end.web/data/low-end/https-www-deliveroo-co-uk/chrome/batterystats/Joule_results_5200c212c0073559_2020.10.15_230752.csv,low,web,deliveroo
276.63336000000004,./dataset//low.end.web/data/low-end/https-www-deliveroo-co-uk/chrome/batterystats/Joule_results_5200c212c0073559_2020.10.15_231651.csv,low,web,deliveroo
269.53992,./dataset//low.end.web/data/low-end/https-www-deliveroo-co-uk/chrome/batterystats/Joule_results_5200c212c0073559_2020.10.16_012306.csv,low,web,deliveroo
274.18716,./dataset//low.end.web/data/low-end/https-www-deliveroo-co-uk/chrome/batterystats/Joule_results_5200c212c0073559_2020.10.16_030626.csv,low,web,deliveroo
285.03072000000003,./dataset//low.end.web/data/low-end/https-www-deliveroo-co-uk/chrome/batterystats/Joule_results_5200c212c0073559_2020.10.16_031056.csv,low,web,deliveroo
286.5798,./dataset//low.end.web/data/low-end/https-www-deliveroo-co-uk/chrome/batterystats/Joule_results_5200c212c0073559_2020.10.16_044518.csv,low,web,deliveroo
275.73624,./dataset//low.end.web/data/low-end/https-www-deliveroo-co-uk/chrome/batterystats/Joule_results_5200c212c0073559_2020.10.16_050317.csv,low,web,deliveroo
274.18716,./dataset//low.end.web/data/low-end/https-www-deliveroo-co-uk/chrome/batterystats/Joule_results_5200c212c0073559_2020.10.16_054345.csv,low,web,deliveroo
278.83439999999996,./dataset//low.end.web/data/low-end/https-www-deliveroo-co-uk/chrome/batterystats/Joule_results_5200c212c0073559_2020.10.16_060143.csv,low,web,deliveroo
303.0534,./dataset//low.end.web/data/low-end/https-www-reddit-com/chrome/batterystats/Joule_results_5200c212c0073559_2020.10.15_213321.csv,low,web,reddit
292.17456000000004,./dataset//low.end.web/data/low-end/https-www-reddit-com/chrome/batterystats/Joule_results_5200c212c0073559_2020.10.15_234351.csv,low,web,reddit
292.77612,./dataset//low.end.web/data/low-end/https-www-reddit-com/chrome/batterystats/Joule_results_5200c212c0073559_2020.10.16_012736.csv,low,web,reddit
297.42335999999995,./dataset//low.end.web/data/low-end/https-www-reddit-com/chrome/batterystats/Joule_results_5200c212c0073559_2020.10.16_014104.csv,low,web,reddit
300.52152,./dataset//low.end.web/data/low-end/https-www-reddit-com/chrome/batterystats/Joule_results_5200c212c0073559_2020.10.16_021231.csv,low,web,reddit
297.42335999999995,./dataset//low.end.web/data/low-end/https-www-reddit-com/chrome/batterystats/Joule_results_5200c212c0073559_2020.10.16_023930.csv,low,web,reddit
302.0706,./dataset//low.end.web/data/low-end/https-www-reddit-com/chrome/batterystats/Joule_results_5200c212c0073559_2020.10.16_024829.csv,low,web,reddit
303.61968,./dataset//low.end.web/data/low-end/https-www-reddit-com/chrome/batterystats/Joule_results_5200c212c0073559_2020.10.16_025258.csv,low,web,reddit
292.77612,./dataset//low.end.web/data/low-end/https-www-reddit-com/chrome/batterystats/Joule_results_5200c212c0073559_2020.10.16_031525.csv,low,web,reddit
289.6779599999999,./dataset//low.end.web/data/low-end/https-www-reddit-com/chrome/batterystats/Joule_results_5200c212c0073559_2020.10.16_033323.csv,low,web,reddit
280.38348,./dataset//low.end.web/data/low-end/https-www-reddit-com/chrome/batterystats/Joule_results_5200c212c0073559_2020.10.16_034652.csv,low,web,reddit
300.52152,./dataset//low.end.web/data/low-end/https-www-reddit-com/chrome/batterystats/Joule_results_5200c212c0073559_2020.10.16_035552.csv,low,web,reddit
288.12888000000004,./dataset//low.end.web/data/low-end/https-www-reddit-com/chrome/batterystats/Joule_results_5200c212c0073559_2020.10.16_040451.csv,low,web,reddit
305.16875999999996,./dataset//low.end.web/data/low-end/https-www-reddit-com/chrome/batterystats/Joule_results_5200c212c0073559_2020.10.16_041820.csv,low,web,reddit
295.87428,./dataset//low.end.web/data/low-end/https-www-reddit-com/chrome/batterystats/Joule_results_5200c212c0073559_2020.10.16_045847.csv,low,web,reddit
476.7984,./dataset//low.end.web/data/low-end/https-www-tripadvisor-com/chrome/batterystats/Joule_results_5200c212c0073559_2020.10.19_152417.csv,low,web,tripadvisor
493.6086,./dataset//low.end.web/data/low-end/https-www-tripadvisor-com/chrome/batterystats/Joule_results_5200c212c0073559_2020.10.19_152846.csv,low,web,tripadvisor
449.2908,./dataset//low.end.web/data/low-end/https-www-tripadvisor-com/chrome/batterystats/Joule_results_5200c212c0073559_2020.10.19_153315.csv,low,web,tripadvisor
479.85479999999995,./dataset//low.end.web/data/low-end/https-www-tripadvisor-com/chrome/batterystats/Joule_results_5200c212c0073559_2020.10.19_153744.csv,low,web,tripadvisor
423.3114,./dataset//low.end.web/data/low-end/https-www-tripadvisor-com/chrome/batterystats/Joule_results_5200c212c0073559_2020.10.19_154213.csv,low,web,tripadvisor
470.6856,./dataset//low.end.web/data/low-end/https-www-tripadvisor-com/chrome/batterystats/Joule_results_5200c212c0073559_2020.10.19_154642.csv,low,web,tripadvisor
414.1422,./dataset//low.end.web/data/low-end/https-www-tripadvisor-com/chrome/batterystats/Joule_results_5200c212c0073559_2020.10.19_155111.csv,low,web,tripadvisor
482.91120000000006,./dataset//low.end.web/data/low-end/https-www-tripadvisor-com/chrome/batterystats/Joule_results_5200c212c0073559_2020.10.19_155540.csv,low,web,tripadvisor
495.1368,./dataset//low.end.web/data/low-end/https-www-tripadvisor-com/chrome/batterystats/Joule_results_5200c212c0073559_2020.10.19_160009.csv,low,web,tripadvisor
481.383,./dataset//low.end.web/data/low-end/https-www-tripadvisor-com/chrome/batterystats/Joule_results_5200c212c0073559_2020.10.19_160438.csv,low,web,tripadvisor
469.15740000000005,./dataset//low.end.web/data/low-end/https-www-tripadvisor-com/chrome/batterystats/Joule_results_5200c212c0073559_2020.10.19_160907.csv,low,web,tripadvisor
505.8342,./dataset//low.end.web/data/low-end/https-www-tripadvisor-com/chrome/batterystats/Joule_results_5200c212c0073559_2020.10.19_161335.csv,low,web,tripadvisor
466.10099999999994,./dataset//low.end.web/data/low-end/https-www-tripadvisor-com/chrome/batterystats/Joule_results_5200c212c0073559_2020.10.19_161805.csv,low,web,tripadvisor
489.02399999999994,./dataset//low.end.web/data/low-end/https-www-tripadvisor-com/chrome/batterystats/Joule_results_5200c212c0073559_2020.10.19_162234.csv,low,web,tripadvisor
447.7626,./dataset//low.end.web/data/low-end/https-www-tripadvisor-com/chrome/batterystats/Joule_results_5200c212c0073559_2020.10.19_162702.csv,low,web,tripadvisor
487.99368,./dataset//low.end.web/data/low-end/https-www-weather-com/chrome/batterystats/Joule_results_5200c212c0073559_2020.10.15_213751.csv,low,web,weather
648.06804,./dataset//low.end.web/data/low-end/https-www-weather-com/chrome/batterystats/Joule_results_5200c212c0073559_2020.10.15_214220.csv,low,web,weather
613.8774,./dataset//low.end.web/data/low-end/https-www-weather-com/chrome/batterystats/Joule_results_5200c212c0073559_2020.10.15_215120.csv,low,web,weather
522.1843200000001,./dataset//low.end.web/data/low-end/https-www-weather-com/chrome/batterystats/Joule_results_5200c212c0073559_2020.10.15_222252.csv,low,web,weather
455.35715999999996,./dataset//low.end.web/data/low-end/https-www-weather-com/chrome/batterystats/Joule_results_5200c212c0073559_2020.10.15_223152.csv,low,web,weather
467.79012000000006,./dataset//low.end.web/data/low-end/https-www-weather-com/chrome/batterystats/Joule_results_5200c212c0073559_2020.10.15_233920.csv,low,web,weather
449.14068,./dataset//low.end.web/data/low-end/https-www-weather-com/chrome/batterystats/Joule_results_5200c212c0073559_2020.10.15_234821.csv,low,web,weather
446.03243999999995,./dataset//low.end.web/data/low-end/https-www-weather-com/chrome/batterystats/Joule_results_5200c212c0073559_2020.10.15_235721.csv,low,web,weather
480.2148,./dataset//low.end.web/data/low-end/https-www-weather-com/chrome/batterystats/Joule_results_5200c212c0073559_2020.10.16_014534.csv,low,web,weather
514.29456,./dataset//low.end.web/data/low-end/https-www-weather-com/chrome/batterystats/Joule_results_5200c212c0073559_2020.10.16_020802.csv,low,web,weather
480.2148,./dataset//low.end.web/data/low-end/https-www-weather-com/chrome/batterystats/Joule_results_5200c212c0073559_2020.10.16_035122.csv,low,web,weather
664.5553199999999,./dataset//low.end.web/data/low-end/https-www-weather-com/chrome/batterystats/Joule_results_5200c212c0073559_2020.10.16_045417.csv,low,web,weather
484.86204,./dataset//low.end.web/data/low-end/https-www-weather-com/chrome/batterystats/Joule_results_5200c212c0073559_2020.10.16_050747.csv,low,web,weather
494.15651999999994,./dataset//low.end.web/data/low-end/https-www-weather-com/chrome/batterystats/Joule_results_5200c212c0073559_2020.10.16_053016.csv,low,web,weather
659.90808,./dataset//low.end.web/data/low-end/https-www-weather-com/chrome/batterystats/Joule_results_5200c212c0073559_2020.10.16_060613.csv,low,web,weather
486.43956,./dataset//low.end.web/data/low-end/https-www-youtube-com/chrome/batterystats/Joule_results_5200c212c0073559_2020.10.15_220922.csv,low,web,youtube
293.72868,./dataset//low.end.web/data/low-end/https-www-youtube-com/chrome/batterystats/Joule_results_5200c212c0073559_2020.10.15_224522.csv,low,web,youtube
293.72868,./dataset//low.end.web/data/low-end/https-www-youtube-com/chrome/batterystats/Joule_results_5200c212c0073559_2020.10.15_225852.csv,low,web,youtube
296.83692,./dataset//low.end.web/data/low-end/https-www-youtube-com/chrome/batterystats/Joule_results_5200c212c0073559_2020.10.15_232121.csv,low,web,youtube
289.06632,./dataset//low.end.web/data/low-end/https-www-youtube-com/chrome/batterystats/Joule_results_5200c212c0073559_2020.10.15_232551.csv,low,web,youtube
282.84984,./dataset//low.end.web/data/low-end/https-www-youtube-com/chrome/batterystats/Joule_results_5200c212c0073559_2020.10.16_000151.csv,low,web,youtube
326.3652,./dataset//low.end.web/data/low-end/https-www-youtube-com/chrome/batterystats/Joule_results_5200c212c0073559_2020.10.16_001949.csv,low,web,youtube
303.61968,./dataset//low.end.web/data/low-end/https-www-youtube-com/chrome/batterystats/Joule_results_5200c212c0073559_2020.10.16_022131.csv,low,web,youtube
297.42335999999995,./dataset//low.end.web/data/low-end/https-www-youtube-com/chrome/batterystats/Joule_results_5200c212c0073559_2020.10.16_023030.csv,low,web,youtube
300.52152,./dataset//low.end.web/data/low-end/https-www-youtube-com/chrome/batterystats/Joule_results_5200c212c0073559_2020.10.16_032854.csv,low,web,youtube
298.97244,./dataset//low.end.web/data/low-end/https-www-youtube-com/chrome/batterystats/Joule_results_5200c212c0073559_2020.10.16_040921.csv,low,web,youtube
295.87428,./dataset//low.end.web/data/low-end/https-www-youtube-com/chrome/batterystats/Joule_results_5200c212c0073559_2020.10.16_042720.csv,low,web,youtube
289.6779599999999,./dataset//low.end.web/data/low-end/https-www-youtube-com/chrome/batterystats/Joule_results_5200c212c0073559_2020.10.16_044048.csv,low,web,youtube
291.22704000000004,./dataset//low.end.web/data/low-end/https-www-youtube-com/chrome/batterystats/Joule_results_5200c212c0073559_2020.10.16_054814.csv,low,web,youtube
292.77612,./dataset//low.end.web/data/low-end/https-www-youtube-com/chrome/batterystats/Joule_results_5200c212c0073559_2020.10.16_055714.csv,low,web,youtube
629.4186000000001,./dataset//low.end.web/data/low-end/https-www-zara-com-us/chrome/batterystats/Joule_results_5200c212c0073559_2020.10.15_214650.csv,low,web,zara
637.1891999999999,./dataset//low.end.web/data/low-end/https-www-zara-com-us/chrome/batterystats/Joule_results_5200c212c0073559_2020.10.15_221822.csv,low,web,zara
624.75624,./dataset//low.end.web/data/low-end/https-www-zara-com-us/chrome/batterystats/Joule_results_5200c212c0073559_2020.10.15_233450.csv,low,web,zara
634.0809599999999,./dataset//low.end.web/data/low-end/https-www-zara-com-us/chrome/batterystats/Joule_results_5200c212c0073559_2020.10.16_001519.csv,low,web,zara
621.1810800000001,./dataset//low.end.web/data/low-end/https-www-zara-com-us/chrome/batterystats/Joule_results_5200c212c0073559_2020.10.16_011407.csv,low,web,zara
638.2209600000001,./dataset//low.end.web/data/low-end/https-www-zara-com-us/chrome/batterystats/Joule_results_5200c212c0073559_2020.10.16_013205.csv,low,web,zara
628.9264800000001,./dataset//low.end.web/data/low-end/https-www-zara-com-us/chrome/batterystats/Joule_results_5200c212c0073559_2020.10.16_015003.csv,low,web,zara
622.7301600000001,./dataset//low.end.web/data/low-end/https-www-zara-com-us/chrome/batterystats/Joule_results_5200c212c0073559_2020.10.16_015903.csv,low,web,zara
627.3774,./dataset//low.end.web/data/low-end/https-www-zara-com-us/chrome/batterystats/Joule_results_5200c212c0073559_2020.10.16_034223.csv,low,web,zara
661.45716,./dataset//low.end.web/data/low-end/https-www-zara-com-us/chrome/batterystats/Joule_results_5200c212c0073559_2020.10.16_042250.csv,low,web,zara
625.8283199999998,./dataset//low.end.web/data/low-end/https-www-zara-com-us/chrome/batterystats/Joule_results_5200c212c0073559_2020.10.16_043149.csv,low,web,zara
639.77004,./dataset//low.end.web/data/low-end/https-www-zara-com-us/chrome/batterystats/Joule_results_5200c212c0073559_2020.10.16_044948.csv,low,web,zara
625.8283199999998,./dataset//low.end.web/data/low-end/https-www-zara-com-us/chrome/batterystats/Joule_results_5200c212c0073559_2020.10.16_052116.csv,low,web,zara
635.1228,./dataset//low.end.web/data/low-end/https-www-zara-com-us/chrome/batterystats/Joule_results_5200c212c0073559_2020.10.16_053915.csv,low,web,zara
618.08292,./dataset//low.end.web/data/low-end/https-www-zara-com-us/chrome/batterystats/Joule_results_5200c212c0073559_2020.10.16_061043.csv,low,web,zara
